1	17.99	10.38	122.8	1001	0.1184	0.2776	0.3001	0.1471	0.2419
2	20.57	17.77	132.9	1326	0.0847	0.0786	0.0869	0.0702	0.1812
3	19.69	21.25	130	1203	0.1096	0.1599	0.1974	0.1279	0.2069
4	11.42	20.38	77.58	386.1	0.1425	0.2839	0.2414	0.1052	0.2597
5	20.29	14.34	135.1	1297	0.1003	0.1328	0.198	0.1043	0.1809
6	12.45	15.7	82.57	477.1	0.1278	0.17	0.1578	0.0809	0.2087
7	18.25	19.98	119.6	1040	0.0946	0.109	0.1127	0.074	0.1794
8	13.71	20.83	90.2	577.9	0.1189	0.1645	0.0937	0.0599	0.2196
9	13	21.82	87.5	519.8	0.1273	0.1932	0.1859	0.0935	0.235
10	12.46	24.04	83.97	475.9	0.1186	0.2396	0.2273	0.0854	0.203
11	16.02	23.24	102.7	797.8	0.0821	0.0667	0.033	0.0332	0.1528
12	15.78	17.89	103.6	781	0.0971	0.1292	0.0995	0.0661	0.1842
13	19.17	24.8	132.4	1123	0.0974	0.2458	0.2065	0.1118	0.2397
14	15.85	23.95	103.7	782.7	0.084	0.1002	0.0994	0.0536	0.1847
15	13.73	22.61	93.6	578.3	0.1131	0.2293	0.2128	0.0803	0.2069
16	14.54	27.54	96.73	658.8	0.1139	0.1595	0.1639	0.0736	0.2303
17	14.68	20.13	94.74	684.5	0.0987	0.072	0.074	0.0526	0.1586
18	16.13	20.68	108.1	798.8	0.117	0.2022	0.1722	0.1028	0.2164
19	19.81	22.15	130	1260	0.0983	0.1027	0.1479	0.095	0.1582
20	13.54	14.36	87.46	566.3	0.0978	0.0813	0.0666	0.0478	0.1885
21	13.08	15.71	85.63	520	0.1075	0.127	0.0457	0.0311	0.1967
22	9.504	12.44	60.34	273.9	0.1024	0.0649	0.0296	0.0208	0.1815
23	15.34	14.26	102.5	704.4	0.1073	0.2135	0.2077	0.0976	0.2521
24	21.16	23.04	137.2	1404	0.0943	0.1022	0.1097	0.0863	0.1769
25	16.65	21.38	110	904.6	0.1121	0.1457	0.1525	0.0917	0.1995
26	17.14	16.4	116	912.7	0.1186	0.2276	0.2229	0.1401	0.304
27	14.58	21.53	97.41	644.8	0.1054	0.1868	0.1425	0.0878	0.2252
28	18.61	20.25	122.1	1094	0.0944	0.1066	0.149	0.0773	0.1697
29	15.3	25.27	102.4	732.4	0.1082	0.1697	0.1683	0.0875	0.1926
30	17.57	15.05	115	955.1	0.0985	0.1157	0.0988	0.0795	0.1739
31	18.63	25.11	124.8	1088	0.1064	0.1887	0.2319	0.1244	0.2183
32	11.84	18.7	77.93	440.6	0.1109	0.1516	0.1218	0.0518	0.2301
33	17.02	23.98	112.8	899.3	0.1197	0.1496	0.2417	0.1203	0.2248
34	19.27	26.47	127.9	1162	0.094	0.1719	0.1657	0.0759	0.1853
35	16.13	17.88	107	807.2	0.104	0.1559	0.1354	0.0775	0.1998
36	16.74	21.59	110.1	869.5	0.0961	0.1336	0.1348	0.0602	0.1896
37	14.25	21.72	93.63	633	0.0982	0.1098	0.1319	0.056	0.1885
38	13.03	18.42	82.61	523.8	0.0898	0.0377	0.0256	0.0292	0.1467
39	14.99	25.2	95.54	698.8	0.0939	0.0513	0.024	0.029	0.1565
40	13.48	20.82	88.4	559.2	0.1016	0.1255	0.1063	0.0544	0.172
41	13.44	21.58	86.18	563	0.0816	0.0603	0.0311	0.0203	0.1784
42	10.95	21.35	71.9	371.1	0.1227	0.1218	0.1044	0.0567	0.1895
43	19.07	24.81	128.3	1104	0.0908	0.219	0.2107	0.0996	0.231
44	13.28	20.28	87.32	545.2	0.1041	0.1436	0.0985	0.0616	0.1974
45	13.17	21.81	85.42	531.5	0.0971	0.1047	0.0826	0.0525	0.1746
46	18.65	17.6	123.7	1076	0.1099	0.1686	0.1974	0.1009	0.1907
47	8.196	16.84	51.71	201.9	0.086	0.0594	0.0159	0.0059	0.1769
48	13.17	18.66	85.98	534.6	0.1158	0.1231	0.1226	0.0734	0.2128
49	12.05	14.63	78.04	449.3	0.1031	0.0909	0.0659	0.0275	0.1675
50	13.49	22.3	86.91	561	0.0875	0.077	0.0475	0.0338	0.1809
51	11.76	21.6	74.72	427.9	0.0864	0.0497	0.0166	0.0112	0.1495
52	13.64	16.34	87.21	571.8	0.0769	0.0606	0.0186	0.0172	0.1353
53	11.94	18.24	75.71	437.6	0.0826	0.0475	0.0197	0.0135	0.1868
54	18.22	18.7	120.3	1033	0.1148	0.1485	0.1772	0.106	0.2092
55	15.1	22.02	97.26	712.8	0.0906	0.0708	0.0525	0.0333	0.1616
56	11.52	18.75	73.34	409	0.0952	0.0547	0.0304	0.0228	0.192
57	19.21	18.57	125.5	1152	0.1053	0.1267	0.1323	0.0899	0.1917
58	14.71	21.59	95.55	656.9	0.1137	0.1365	0.1293	0.0812	0.2027
59	13.05	19.31	82.61	527.2	0.0806	0.0379	6.92E-04	0.0042	0.1819
60	8.618	11.79	54.34	224.5	0.0975	0.0527	0.0206	0.0078	0.1683
61	10.17	14.88	64.55	311.9	0.1134	0.0806	0.0108	0.0129	0.2743
62	8.598	20.98	54.66	221.8	0.1243	0.0896	0.03	0.0093	0.1828
63	14.25	22.15	96.42	645.7	0.1049	0.2008	0.2135	0.0865	0.1949
64	9.173	13.86	59.2	260.9	0.0772	0.0875	0.0599	0.0218	0.2341
65	12.68	23.84	82.69	499	0.1122	0.1262	0.1128	0.0687	0.1905
66	14.78	23.94	97.4	668.3	0.1172	0.1479	0.1267	0.0903	0.1953
67	9.465	21.01	60.11	269.4	0.1044	0.0777	0.0217	0.015	0.1717
68	11.31	19.04	71.8	394.1	0.0814	0.047	0.0371	0.0223	0.1516
69	9.029	17.33	58.79	250.5	0.1066	0.1413	0.313	0.0438	0.2111
70	12.78	16.49	81.37	502.5	0.0983	0.0523	0.0365	0.0286	0.159
71	18.94	21.31	123.6	1130	0.0901	0.1029	0.108	0.0795	0.1582
72	8.888	14.64	58.79	244	0.0978	0.1531	0.0861	0.0287	0.1902
73	17.2	24.52	114.2	929.4	0.1071	0.183	0.1692	0.0794	0.1927
74	13.8	15.79	90.43	584.1	0.1007	0.128	0.0779	0.0507	0.1662
75	12.31	16.52	79.19	470.9	0.0917	0.0683	0.0337	0.0227	0.172
76	16.07	19.65	104.1	817.7	0.0917	0.0842	0.0977	0.0664	0.1798
77	13.53	10.94	87.91	559.2	0.1291	0.1047	0.0688	0.0656	0.2403
78	18.05	16.15	120.2	1006	0.1065	0.2146	0.1684	0.108	0.2152
79	20.18	23.97	143.7	1245	0.1286	0.3454	0.3754	0.1604	0.2906
80	12.86	18	83.19	506.3	0.0993	0.0955	0.0389	0.0232	0.1718
81	11.45	20.97	73.81	401.5	0.1102	0.0936	0.0459	0.0223	0.1842
82	13.34	15.86	86.49	520	0.1078	0.1535	0.1169	0.0699	0.1942
83	25.22	24.91	171.5	1878	0.1063	0.2665	0.3339	0.1845	0.1829
84	19.1	26.29	129.1	1132	0.1215	0.1791	0.1937	0.1469	0.1634
85	12	15.65	76.95	443.3	0.0972	0.0717	0.0415	0.0186	0.2079
86	18.46	18.52	121.1	1075	0.0987	0.1053	0.1335	0.088	0.2132
87	14.48	21.46	94.25	648.2	0.0944	0.0995	0.1204	0.0494	0.2075
88	19.02	24.59	122	1076	0.0903	0.1206	0.1468	0.0827	0.1953
89	12.36	21.8	79.78	466.1	0.0877	0.0945	0.0602	0.0375	0.193
90	14.64	15.24	95.77	651.9	0.1132	0.1339	0.0997	0.0706	0.2116
91	14.62	24.02	94.57	662.7	0.0897	0.0861	0.031	0.0296	0.1685
92	15.37	22.76	100.2	728.2	0.092	0.1036	0.1122	0.0748	0.1717
93	13.27	14.76	84.74	551.7	0.0736	0.0506	0.0326	0.0265	0.1386
94	13.45	18.3	86.6	555.1	0.1022	0.0817	0.0397	0.0278	0.1638
95	15.06	19.83	100.3	705.6	0.1039	0.1553	0.17	0.0882	0.1855
96	20.26	23.03	132.4	1264	0.0908	0.1313	0.1465	0.0868	0.2095
97	12.18	17.84	77.79	451.1	0.1045	0.0706	0.0249	0.0294	0.19
98	9.787	19.94	62.11	294.5	0.1024	0.053	0.0068	0.0079	0.135
99	11.6	12.84	74.34	412.6	0.0898	0.0753	0.042	0.0335	0.162
100	14.42	19.77	94.48	642.5	0.0975	0.1141	0.0939	0.0584	0.1879
101	13.61	24.98	88.05	582.7	0.0949	0.0851	0.0863	0.0449	0.1609
102	6.981	13.43	43.79	143.5	0.117	0.0757	0	0	0.193
103	12.18	20.52	77.22	458.7	0.0801	0.0404	0.0238	0.0177	0.1739
104	9.876	19.4	63.95	298.3	0.1005	0.097	0.0615	0.0303	0.1945
105	10.49	19.29	67.41	336.1	0.0999	0.0858	0.03	0.012	0.2217
106	13.11	15.56	87.21	530.2	0.1398	0.1765	0.2071	0.096	0.1925
107	11.64	18.33	75.17	412.5	0.1142	0.1017	0.0707	0.0349	0.1801
108	12.36	18.54	79.01	466.7	0.0848	0.0682	0.0264	0.0192	0.1602
109	22.27	19.67	152.8	1509	0.1326	0.2768	0.4264	0.1823	0.2556
110	11.34	21.26	72.48	396.5	0.0876	0.0658	0.0513	0.019	0.1487
111	9.777	16.99	62.5	290.2	0.1037	0.084	0.0433	0.0178	0.1584
112	12.63	20.76	82.15	480.4	0.0993	0.1209	0.1065	0.0602	0.1735
113	14.26	19.65	97.83	629.9	0.0784	0.2233	0.3003	0.078	0.1704
114	10.51	20.19	68.64	334.2	0.1122	0.1303	0.0648	0.0307	0.1922
115	8.726	15.83	55.84	230.9	0.115	0.082	0.0413	0.0192	0.1649
116	11.93	21.53	76.53	438.6	0.0977	0.0785	0.0333	0.0201	0.1688
117	8.95	15.76	58.74	245.2	0.0946	0.1243	0.0926	0.0231	0.1305
118	14.87	16.67	98.64	682.5	0.1162	0.1649	0.169	0.0892	0.2157
119	15.78	22.91	105.7	782.6	0.1155	0.1752	0.2133	0.0948	0.2096
120	17.95	20.01	114.2	982	0.084	0.0672	0.0729	0.056	0.2129
121	11.41	10.82	73.34	403.3	0.0937	0.0669	0.0351	0.0262	0.1667
122	18.66	17.12	121.4	1077	0.1054	0.11	0.1457	0.0867	0.1966
123	24.25	20.2	166.2	1761	0.1447	0.2867	0.4268	0.2012	0.2655
124	14.5	10.89	94.28	640.7	0.1101	0.1099	0.0884	0.0578	0.1856
125	13.37	16.39	86.1	553.5	0.0712	0.0733	0.0809	0.028	0.1422
126	13.85	17.21	88.44	588.7	0.0879	0.0614	0.0142	0.0114	0.1614
127	13.61	24.69	87.76	572.6	0.0926	0.0786	0.0529	0.0309	0.1761
128	19	18.91	123.4	1138	0.0822	0.0803	0.0927	0.0563	0.1946
129	15.1	16.39	99.58	674.5	0.115	0.1807	0.1138	0.0853	0.2001
130	19.79	25.12	130.4	1192	0.1015	0.1589	0.2545	0.1149	0.2202
131	12.19	13.29	79.08	455.8	0.1066	0.0951	0.0286	0.0288	0.188
132	15.46	19.48	101.7	748.9	0.1092	0.1223	0.1466	0.0809	0.1931
133	16.16	21.54	106.2	809.8	0.1008	0.1284	0.1043	0.0561	0.216
134	15.71	13.93	102	761.7	0.0946	0.0946	0.0714	0.0593	0.1816
135	18.45	21.91	120.2	1075	0.0943	0.0971	0.1153	0.0685	0.1692
136	12.77	22.47	81.72	506.3	0.0906	0.0576	0.0471	0.027	0.1585
137	11.71	16.67	74.72	423.6	0.1051	0.061	0.0359	0.026	0.1339
138	11.43	15.39	73.06	399.8	0.0964	0.0689	0.035	0.0288	0.1734
139	14.95	17.57	96.85	678.1	0.1167	0.1305	0.1539	0.0862	0.1957
140	11.28	13.39	73	384.8	0.1164	0.1136	0.0464	0.048	0.1771
141	9.738	11.97	61.24	288.5	0.0925	0.041	0	0	0.1903
142	16.11	18.05	105.1	813	0.0972	0.1137	0.0945	0.0594	0.1861
143	11.43	17.31	73.66	398	0.1092	0.0949	0.0203	0.0186	0.1645
144	12.9	15.92	83.74	512.2	0.0868	0.0951	0.0489	0.0309	0.1778
145	10.75	14.97	68.26	355.3	0.0779	0.0514	0.0225	0.0079	0.1399
146	11.9	14.65	78.11	432.8	0.1152	0.1296	0.0371	0.03	0.1995
147	11.8	16.58	78.99	432	0.1091	0.17	0.1659	0.0742	0.2678
148	14.95	18.77	97.84	689.5	0.0814	0.1167	0.0905	0.0356	0.1744
149	14.44	15.18	93.97	640.1	0.0997	0.1021	0.0849	0.0553	0.1724
150	13.74	17.91	88.12	585	0.0794	0.0638	0.0288	0.0133	0.1473
151	13	20.78	83.51	519.4	0.1135	0.0759	0.0314	0.0265	0.254
152	8.219	20.7	53.27	203.9	0.0941	0.1305	0.1321	0.0217	0.2222
153	9.731	15.34	63.78	300.2	0.1072	0.1599	0.4108	0.0786	0.2548
154	11.15	13.08	70.87	381.9	0.0975	0.0511	0.0198	0.0179	0.183
155	13.15	15.34	85.31	538.9	0.0938	0.085	0.0929	0.0348	0.1822
156	12.25	17.94	78.27	460.3	0.0865	0.0668	0.0389	0.0233	0.197
157	17.68	20.74	117.4	963.7	0.1115	0.1665	0.1855	0.1054	0.1971
158	16.84	19.46	108.4	880.2	0.0745	0.0722	0.0515	0.0277	0.1844
159	12.06	12.74	76.84	448.6	0.0931	0.0524	0.0197	0.0196	0.159
160	10.9	12.96	68.69	366.8	0.0752	0.0372	0.0031	0.0066	0.1442
161	11.75	20.18	76.1	419.8	0.1089	0.1141	0.0684	0.0374	0.1993
162	19.19	15.94	126.3	1157	0.0869	0.1185	0.1193	0.0967	0.1741
163	19.59	18.15	130.7	1214	0.112	0.1666	0.2508	0.1286	0.2027
164	12.34	22.22	79.85	464.5	0.1012	0.1015	0.0537	0.0282	0.1551
165	23.27	22.04	152.1	1686	0.0844	0.1145	0.1324	0.097	0.1801
166	14.97	19.76	95.5	690.2	0.0842	0.0535	0.0195	0.0194	0.1515
167	10.8	9.71	68.77	357.6	0.0959	0.0574	0.0253	0.017	0.1381
168	16.78	18.8	109.3	886.3	0.0887	0.0918	0.0842	0.0658	0.1893
169	17.47	24.68	116.1	984.6	0.1049	0.1603	0.2159	0.1043	0.1538
170	14.97	16.95	96.22	685.9	0.0986	0.0789	0.026	0.0378	0.178
171	12.32	12.39	78.85	464.1	0.1028	0.0698	0.0399	0.037	0.1959
172	13.43	19.63	85.84	565.4	0.0905	0.0629	0.0586	0.0344	0.1598
173	15.46	11.89	102.5	736.9	0.1257	0.1555	0.2032	0.1097	0.1966
174	11.08	14.71	70.21	372.7	0.1006	0.0574	0.0236	0.0258	0.1566
175	10.66	15.15	67.49	349.6	0.0879	0.043	0	0	0.1928
176	8.671	14.45	54.42	227.2	0.0914	0.0428	0	0	0.1722
177	9.904	18.06	64.6	302.4	0.097	0.1294	0.1307	0.0372	0.1669
178	16.46	20.11	109.3	832.9	0.0983	0.1556	0.1793	0.0887	0.1794
179	13.01	22.22	82.01	526.4	0.0625	0.0194	0.0016	0.0019	0.1395
180	12.81	13.06	81.29	508.8	0.0874	0.0377	0.0092	0.0133	0.1466
181	27.22	21.87	182.1	2250	0.1094	0.1914	0.2871	0.1878	0.18
182	21.09	26.57	142.7	1311	0.1141	0.2832	0.2487	0.1496	0.2395
183	15.7	20.31	101.2	766.6	0.096	0.088	0.0659	0.0519	0.1618
184	11.41	14.92	73.53	402	0.0906	0.0816	0.0618	0.0236	0.1167
185	15.28	22.41	98.92	710.6	0.0906	0.1052	0.0538	0.0326	0.1727
186	10.08	15.11	63.76	317.5	0.0927	0.047	0.0016	0.0024	0.1703
187	18.31	18.58	118.6	1041	0.0859	0.0847	0.0817	0.0581	0.1621
188	11.71	17.19	74.68	420.3	0.0977	0.0614	0.0381	0.0324	0.1516
189	11.81	17.39	75.27	428.9	0.1007	0.0556	0.0235	0.0155	0.1718
190	12.3	15.9	78.83	463.7	0.0808	0.0725	0.0384	0.0165	0.1667
191	14.22	23.12	94.37	609.9	0.1075	0.2413	0.1981	0.0662	0.2384
192	12.77	21.41	82.02	507.4	0.0875	0.066	0.0311	0.0286	0.1694
193	9.72	18.22	60.73	288.1	0.0695	0.0234	0	0	0.1653
194	12.34	26.86	81.15	477.4	0.1034	0.1353	0.1085	0.0456	0.1943
195	14.86	23.21	100.4	671.4	0.1044	0.198	0.1697	0.0888	0.1737
196	12.91	16.33	82.53	516.4	0.0794	0.0537	0.0387	0.0238	0.1829
197	13.77	22.29	90.63	588.9	0.12	0.1267	0.1385	0.0653	0.1834
198	18.08	21.84	117.4	1024	0.0737	0.0864	0.1103	0.0578	0.177
199	19.18	22.49	127.5	1148	0.0852	0.1428	0.1114	0.0677	0.1767
200	14.45	20.22	94.49	642.7	0.0987	0.1206	0.118	0.0598	0.195
201	12.23	19.56	78.54	461	0.0959	0.0809	0.0419	0.0411	0.1979
202	17.54	19.32	115.1	951.6	0.0897	0.1198	0.1036	0.0749	0.1506
203	23.29	26.67	158.9	1685	0.1141	0.2084	0.3523	0.162	0.22
204	13.81	23.75	91.56	597.8	0.1323	0.1768	0.1558	0.0918	0.2251
205	12.47	18.6	81.09	481.9	0.0997	0.1058	0.0801	0.0382	0.1925
206	15.12	16.68	98.78	716.6	0.0888	0.0959	0.0755	0.0408	0.1594
207	9.876	17.27	62.92	295.4	0.1089	0.0723	0.0176	0.0195	0.1934
208	17.01	20.26	109.7	904.3	0.0877	0.073	0.0695	0.0539	0.2026
209	13.11	22.54	87.02	529.4	0.1002	0.1483	0.0871	0.051	0.185
210	15.27	12.91	98.17	725.5	0.0818	0.0623	0.0589	0.0316	0.1359
211	20.58	22.14	134.7	1290	0.0909	0.1348	0.164	0.0956	0.1765
212	11.84	18.94	75.51	428	0.0887	0.069	0.0267	0.0139	0.1533
213	28.11	18.47	188.5	2499	0.1142	0.1516	0.3201	0.1595	0.1648
214	17.42	25.56	114.5	948	0.1006	0.1146	0.1682	0.066	0.1308
215	14.19	23.81	92.87	610.7	0.0946	0.1306	0.1115	0.0646	0.2235
216	13.86	16.93	90.96	578.9	0.1026	0.1517	0.099	0.056	0.2106
217	11.89	18.35	77.32	432.2	0.0936	0.1154	0.0664	0.0314	0.1967
218	10.2	17.48	65.05	321.2	0.0805	0.0591	0.0577	0.0107	0.1964
219	19.8	21.56	129.7	1230	0.0938	0.1306	0.1272	0.0869	0.2094
220	19.53	32.47	128	1223	0.0842	0.113	0.1145	0.0664	0.1428
221	13.65	13.16	87.88	568.9	0.0965	0.0871	0.0389	0.0256	0.136
222	13.56	13.9	88.59	561.3	0.1051	0.1192	0.0786	0.0445	0.1962
223	10.18	17.53	65.12	313.1	0.1061	0.085	0.0177	0.0192	0.191
224	15.75	20.25	102.6	761.3	0.1025	0.1204	0.1147	0.0646	0.1935
225	13.27	17.02	84.55	546.4	0.0845	0.0499	0.0355	0.0246	0.1496
226	14.34	13.47	92.51	641.2	0.0991	0.0762	0.0572	0.046	0.2075
227	10.44	15.46	66.62	329.6	0.1053	0.0772	0.0066	0.0122	0.1788
228	15	15.51	97.45	684.5	0.0837	0.1096	0.0651	0.0378	0.1881
229	12.62	23.97	81.35	496.4	0.079	0.0753	0.0544	0.0204	0.1514
230	12.83	22.33	85.26	503.2	0.1088	0.1799	0.1695	0.0686	0.2123
231	17.05	19.08	113.4	895	0.1141	0.1572	0.191	0.109	0.2131
232	11.32	27.08	71.76	395.7	0.0688	0.0381	0.0163	0.0031	0.1869
233	11.22	33.81	70.79	386.8	0.0778	0.0357	0.005	0.0064	0.1845
234	20.51	27.81	134.4	1319	0.0916	0.1074	0.1554	0.0834	0.1448
235	9.567	15.91	60.21	279.6	0.0846	0.0409	0.0165	0.0167	0.1551
236	14.03	21.25	89.79	603.4	0.0907	0.0695	0.0146	0.019	0.1517
237	23.21	26.97	153.5	1670	0.0951	0.1682	0.195	0.1237	0.1909
238	20.48	21.46	132.5	1306	0.0836	0.0835	0.0904	0.0602	0.1467
239	14.22	27.85	92.55	623.9	0.0822	0.1039	0.1103	0.0441	0.1342
240	17.46	39.28	113.4	920.6	0.0981	0.1298	0.1417	0.0881	0.1809
241	13.64	15.6	87.38	575.3	0.0942	0.0663	0.0471	0.0373	0.1717
242	12.42	15.04	78.61	476.5	0.0793	0.0339	0.0105	0.0111	0.1546
243	11.3	18.19	73.93	389.4	0.0959	0.1325	0.1548	0.0285	0.2054
244	13.75	23.77	88.54	590	0.0804	0.0681	0.047	0.0234	0.1773
245	19.4	23.5	129.1	1155	0.1027	0.1558	0.2049	0.0889	0.1978
246	10.48	19.86	66.72	337.7	0.107	0.0597	0.0483	0.0307	0.1737
247	13.2	17.43	84.13	541.6	0.0722	0.0452	0.0434	0.0111	0.1487
248	12.89	14.11	84.95	512.2	0.0876	0.1346	0.1374	0.0398	0.1596
249	10.65	25.22	68.01	347	0.0966	0.0723	0.0238	0.0162	0.1897
250	11.52	14.93	73.87	406.3	0.1013	0.0781	0.0433	0.0293	0.1883
251	20.94	23.56	138.9	1364	0.1007	0.1606	0.2712	0.131	0.2205
252	11.5	18.45	73.28	407.4	0.0935	0.0599	0.0264	0.0207	0.1834
253	19.73	19.82	130.7	1206	0.1062	0.1849	0.2417	0.0974	0.1733
254	17.3	17.08	113	928.2	0.1008	0.1041	0.1266	0.0835	0.1813
255	19.45	19.33	126.5	1169	0.1035	0.1188	0.1379	0.0859	0.1776
256	13.96	17.05	91.43	602.4	0.1096	0.1279	0.0979	0.0525	0.1908
257	19.55	28.77	133.6	1207	0.0926	0.2063	0.1784	0.1144	0.1893
258	15.32	17.27	103.2	713.3	0.1335	0.2284	0.2448	0.1242	0.2398
259	15.66	23.2	110.2	773.5	0.1109	0.3114	0.3176	0.1377	0.2495
260	15.53	33.56	103.7	744.9	0.1063	0.1639	0.1751	0.084	0.2091
261	20.31	27.06	132.9	1288	0.1	0.1088	0.1519	0.0933	0.1814
262	17.35	23.06	111	933.1	0.0866	0.0629	0.0289	0.0284	0.1564
263	17.29	22.13	114.4	947.8	0.09	0.1273	0.097	0.0751	0.2108
264	15.61	19.38	100	758.6	0.0784	0.0562	0.0421	0.0285	0.1547
265	17.19	22.07	111.6	928.3	0.0973	0.09	0.0906	0.0653	0.1867
266	20.73	31.12	135.7	1419	0.0947	0.1143	0.1367	0.0865	0.1769
267	10.6	18.95	69.28	346.4	0.0969	0.1147	0.0639	0.0264	0.1922
268	13.59	21.84	87.16	561	0.0796	0.0826	0.0407	0.0214	0.1635
269	12.87	16.21	82.38	512.2	0.0943	0.0622	0.039	0.0162	0.201
270	10.71	20.39	69.5	344.9	0.1082	0.1289	0.0845	0.0287	0.1668
271	14.29	16.82	90.3	632.6	0.0643	0.0268	0.0073	0.0063	0.1508
272	11.29	13.04	72.23	388	0.0983	0.0761	0.0327	0.0276	0.1769
273	21.75	20.99	147.3	1491	0.094	0.1961	0.2195	0.1088	0.1721
274	9.742	15.67	61.5	289.9	0.0904	0.0469	0.011	0.0141	0.2081
275	17.93	24.48	115.2	998.9	0.0886	0.0703	0.057	0.0474	0.1538
276	11.89	17.36	76.2	435.6	0.1225	0.0721	0.0593	0.074	0.2015
277	11.33	14.16	71.79	396.6	0.0938	0.0387	0.0015	0.0033	0.1954
278	18.81	19.98	120.9	1102	0.0892	0.0588	0.0802	0.0584	0.155
279	13.59	17.84	86.24	572.3	0.0795	0.0405	0.02	0.0124	0.1573
280	13.85	15.18	88.99	587.4	0.0952	0.0769	0.0448	0.0371	0.211
281	19.16	26.6	126.2	1138	0.102	0.1453	0.1921	0.0966	0.1902
282	11.74	14.02	74.24	427.3	0.0781	0.0434	0.0225	0.0276	0.2101
283	19.4	18.18	127.2	1145	0.1037	0.1442	0.1626	0.0946	0.1893
284	16.24	18.77	108.8	805.1	0.1066	0.1802	0.1948	0.0905	0.1876
285	12.89	15.7	84.08	516.6	0.0782	0.0958	0.1115	0.0339	0.1432
286	12.58	18.4	79.83	489	0.0839	0.0422	0.0019	0.0029	0.1697
287	11.94	20.76	77.87	441	0.0861	0.1011	0.0657	0.0379	0.1588
288	12.89	13.12	81.89	515.9	0.0696	0.0373	0.0226	0.0117	0.1337
289	11.26	19.96	73.72	394.1	0.0802	0.1181	0.0927	0.0559	0.2595
290	11.37	18.89	72.17	396	0.0871	0.0501	0.024	0.0217	0.2013
291	14.41	19.73	96.03	651	0.0876	0.1676	0.1362	0.066	0.1714
292	14.96	19.1	97.03	687.3	0.0899	0.0982	0.0594	0.0482	0.1879
293	12.95	16.02	83.14	513.7	0.1005	0.0794	0.0616	0.0337	0.173
294	11.85	17.46	75.54	432.7	0.0837	0.0564	0.0269	0.0228	0.1875
295	12.72	13.78	81.78	492.1	0.0967	0.0839	0.0129	0.0192	0.1638
296	13.77	13.27	88.06	582.7	0.092	0.0622	0.0106	0.0192	0.1592
297	10.91	12.35	69.14	363.7	0.0852	0.0472	0.0124	0.0137	0.1449
298	11.76	18.14	75	431.1	0.0997	0.0591	0.0269	0.0352	0.1619
299	14.26	18.17	91.22	633.1	0.0658	0.0522	0.0248	0.0137	0.1635
300	10.51	23.09	66.85	334.2	0.1015	0.068	0.025	0.0188	0.1695
301	19.53	18.9	129.5	1217	0.115	0.1642	0.2197	0.1062	0.1792
302	12.46	19.89	80.43	471.3	0.0845	0.1014	0.0683	0.031	0.1781
303	20.09	23.86	134.7	1247	0.108	0.1838	0.2283	0.128	0.2249
304	10.49	18.61	66.86	334.3	0.1068	0.0668	0.023	0.0178	0.1482
305	11.46	18.16	73.59	403.1	0.0885	0.0769	0.0334	0.015	0.1411
306	11.6	24.49	74.23	417.2	0.0747	0.0569	0.0197	0.0131	0.1935
307	13.2	15.82	84.07	537.3	0.0851	0.0525	0.0015	0.0033	0.1632
308	9	14.4	56.36	246.3	0.0701	0.0312	0.0037	0.0035	0.1788
309	13.5	12.71	85.69	566.2	0.0738	0.0361	0.0028	0.0044	0.1365
310	13.05	13.84	82.71	530.6	0.0835	0.0374	0.0046	0.0088	0.1453
311	11.7	19.11	74.33	418.7	0.0881	0.0525	0.0158	0.0115	0.1936
312	14.61	15.69	92.68	664.9	0.0762	0.0352	0.0145	0.0188	0.1632
313	12.76	13.37	82.29	504.1	0.0879	0.0795	0.0405	0.0255	0.1601
314	11.54	10.72	73.73	409.1	0.086	0.0597	0.0137	0.0089	0.1833
315	8.597	18.6	54.09	221.2	0.1074	0.0585	0	0	0.2163
316	12.49	16.85	79.19	481.6	0.0851	0.0383	0.0045	0.0064	0.1215
317	12.18	14.08	77.25	461.4	0.0773	0.0321	0.0112	0.0051	0.1673
318	18.22	18.87	118.7	1027	0.0975	0.1117	0.113	0.0795	0.1807
319	9.042	18.9	60.07	244.5	0.0997	0.1972	0.1975	0.0491	0.233
320	12.43	17	78.6	477.3	0.0756	0.0345	0.0134	0.017	0.1472
321	10.25	16.18	66.52	324.2	0.1061	0.1111	0.0673	0.0397	0.1743
322	20.16	19.66	131.1	1274	0.0802	0.0856	0.1155	0.0773	0.1928
323	12.86	13.32	82.82	504.8	0.1134	0.0883	0.038	0.034	0.1543
324	20.34	21.51	135.9	1264	0.117	0.1875	0.2565	0.1504	0.2569
325	12.2	15.21	78.01	457.9	0.0867	0.0655	0.0199	0.0169	0.1638
326	12.67	17.3	81.25	489.9	0.1028	0.0766	0.0319	0.0211	0.1707
327	14.11	12.88	90.03	616.5	0.0931	0.0531	0.0177	0.0273	0.1373
328	12.03	17.93	76.09	446	0.0768	0.0389	0.0015	0.0056	0.1382
329	16.27	20.71	106.9	813.7	0.1169	0.1319	0.1478	0.0849	0.1948
330	16.26	21.88	107.5	826.8	0.1165	0.1283	0.1799	0.0798	0.1869
331	16.03	15.51	105.8	793.2	0.0949	0.1371	0.1204	0.0704	0.1782
332	12.98	19.35	84.52	514	0.0958	0.1125	0.0711	0.0295	0.1761
333	11.22	19.86	71.94	387.3	0.1054	0.0678	0.005	0.0076	0.194
334	11.25	14.78	71.38	390	0.0831	0.0446	9.74E-04	0.0029	0.1773
335	12.3	19.02	77.88	464.4	0.0831	0.042	0.0078	0.0085	0.1539
336	17.06	21	111.8	918.6	0.1119	0.1056	0.1508	0.0993	0.1727
337	12.99	14.23	84.08	514.3	0.0946	0.0997	0.0374	0.021	0.1652
338	18.77	21.43	122.9	1092	0.0912	0.1402	0.106	0.0609	0.1953
339	10.05	17.53	64.41	310.8	0.1007	0.0733	0.0251	0.0178	0.189
340	23.51	24.27	155.1	1747	0.1069	0.1283	0.2308	0.141	0.1797
341	14.42	16.54	94.15	641.2	0.0975	0.1139	0.0801	0.0422	0.1912
342	9.606	16.84	61.64	280.5	0.0848	0.0923	0.0842	0.0229	0.2036
343	11.06	14.96	71.49	373.9	0.1033	0.091	0.054	0.0334	0.1776
344	19.68	21.68	129.9	1194	0.098	0.1339	0.1863	0.1103	0.2082
345	11.71	15.45	75.03	420.3	0.115	0.0728	0.0401	0.0325	0.2009
346	10.26	14.71	66.2	321.6	0.0988	0.0916	0.0358	0.0204	0.1633
347	12.06	18.9	76.66	445.3	0.0839	0.0579	0.0075	0.0085	0.1555
348	14.76	14.74	94.87	668.7	0.0888	0.0778	0.0461	0.0353	0.1521
349	11.47	16.03	73.02	402.7	0.0908	0.0589	0.0259	0.0232	0.1634
350	11.95	14.96	77.23	426.7	0.1158	0.1206	0.0117	0.0179	0.2459
351	11.66	17.07	73.7	421	0.0756	0.0363	0.0083	0.0116	0.1671
352	15.75	19.22	107.1	758.6	0.1243	0.2364	0.2914	0.1242	0.2375
353	25.73	17.46	174.2	2010	0.1149	0.2363	0.3368	0.1913	0.1956
354	15.08	25.74	98	716.6	0.1024	0.0977	0.1235	0.0655	0.1647
355	11.14	14.07	71.24	384.6	0.0727	0.0606	0.0451	0.0147	0.169
356	12.56	19.07	81.92	485.8	0.0876	0.1038	0.103	0.0439	0.1533
357	13.05	18.59	85.09	512	0.1082	0.1304	0.096	0.056	0.2035
358	13.87	16.21	88.52	593.7	0.0874	0.0549	0.015	0.0209	0.1424
359	8.878	15.49	56.74	241	0.0829	0.077	0.0472	0.0238	0.193
360	9.436	18.32	59.82	278.6	0.1009	0.0596	0.0271	0.0141	0.1506
361	12.54	18.07	79.42	491.9	0.0744	0.0265	0.0012	0.0054	0.1528
362	13.3	21.57	85.24	546.1	0.0858	0.0637	0.0334	0.0242	0.1815
363	12.76	18.84	81.87	496.6	0.0968	0.0795	0.0269	0.0178	0.1759
364	16.5	18.29	106.6	838.1	0.0969	0.0847	0.0586	0.0484	0.1495
365	13.4	16.95	85.48	552.4	0.0794	0.057	0.0218	0.0147	0.165
366	20.44	21.78	133.8	1293	0.0915	0.1131	0.098	0.0779	0.1618
367	20.2	26.83	133.7	1234	0.0991	0.1669	0.1641	0.1265	0.1875
368	12.21	18.02	78.31	458.4	0.0923	0.0718	0.0439	0.0203	0.1695
369	21.71	17.25	140.9	1546	0.0938	0.0856	0.1168	0.0847	0.1717
370	22.01	21.9	147.2	1482	0.1063	0.1954	0.2448	0.1501	0.1824
371	16.35	23.29	109	840.4	0.0974	0.1497	0.1811	0.0877	0.2175
372	15.19	13.21	97.65	711.8	0.0796	0.0693	0.0339	0.0266	0.1721
373	21.37	15.1	141.3	1386	0.1001	0.1515	0.1932	0.1255	0.1973
374	20.64	17.35	134.8	1335	0.0945	0.1076	0.1527	0.0894	0.1571
375	13.69	16.07	87.84	579.1	0.083	0.0637	0.0256	0.0203	0.1872
376	16.17	16.07	106.3	788.5	0.0988	0.1438	0.0665	0.054	0.199
377	10.57	20.22	70.15	338.3	0.0907	0.166	0.228	0.0594	0.2188
378	13.46	28.21	85.89	562.1	0.0752	0.0473	0.0127	0.0112	0.1421
379	13.66	15.15	88.27	580.6	0.0827	0.0755	0.0425	0.0247	0.1792
380	11.08	18.83	73.3	361.6	0.1216	0.2154	0.1689	0.0637	0.2196
381	11.27	12.96	73.16	386.3	0.1237	0.1111	0.079	0.0555	0.2018
382	11.04	14.93	70.67	372.7	0.0799	0.0708	0.0355	0.0207	0.2003
383	12.05	22.72	78.75	447.8	0.0694	0.1073	0.0794	0.0298	0.1203
384	12.39	17.48	80.64	462.9	0.1042	0.1297	0.0589	0.0288	0.1779
385	13.28	13.72	85.79	541.8	0.0836	0.0858	0.0508	0.0286	0.1617
386	14.6	23.29	93.97	664.7	0.0868	0.0664	0.0839	0.0527	0.1627
387	12.21	14.09	78.78	462	0.0811	0.0782	0.0684	0.0253	0.1646
388	13.88	16.16	88.37	596.6	0.0703	0.0483	0.0205	0.0085	0.1607
389	11.27	15.5	73.38	392	0.0837	0.1114	0.1007	0.0276	0.181
390	19.55	23.21	128.9	1174	0.101	0.1318	0.1856	0.1021	0.1989
391	10.26	12.22	65.75	321.6	0.1	0.0754	0.0192	0.0197	0.18
392	8.734	16.84	55.27	234.3	0.1039	0.0743	0	0	0.1985
393	15.49	19.97	102.4	744.7	0.116	0.1562	0.1891	0.0911	0.1929
394	21.61	22.28	144.4	1407	0.1167	0.2087	0.281	0.1562	0.2162
395	12.1	17.72	78.07	446.2	0.1029	0.0976	0.0478	0.0333	0.1937
396	14.06	17.18	89.75	609.1	0.0805	0.0536	0.0268	0.0325	0.1641
397	13.51	18.89	88.1	558.1	0.1059	0.1147	0.0858	0.0538	0.1806
398	12.8	17.46	83.05	508.3	0.0804	0.089	0.0739	0.0408	0.1574
399	11.06	14.83	70.31	378.2	0.0774	0.0477	0.0271	0.0072	0.1535
400	11.8	17.26	75.26	431.9	0.0909	0.0623	0.0285	0.0164	0.1847
401	17.91	21.02	124.4	994	0.123	0.2576	0.3189	0.1198	0.2113
402	11.93	10.91	76.14	442.7	0.0887	0.0524	0.0261	0.018	0.1601
403	12.96	18.29	84.18	525.2	0.0735	0.079	0.0406	0.0188	0.1874
404	12.94	16.17	83.18	507.6	0.0988	0.0884	0.033	0.0239	0.1735
405	12.34	14.95	78.29	469.1	0.0868	0.0457	0.0211	0.0205	0.1571
406	10.94	18.59	70.39	370	0.1004	0.0746	0.0494	0.0293	0.1486
407	16.14	14.86	104.3	800	0.095	0.085	0.055	0.0453	0.1735
408	12.85	21.37	82.63	514.5	0.0755	0.0832	0.0613	0.0187	0.158
409	17.99	20.66	117.8	991.7	0.1036	0.1304	0.1201	0.0882	0.1992
410	12.27	17.92	78.41	466.1	0.0869	0.0653	0.0321	0.0265	0.1966
411	11.36	17.57	72.49	399.8	0.0886	0.0531	0.0278	0.021	0.1601
412	11.04	16.83	70.92	373.2	0.1077	0.078	0.0305	0.0248	0.1714
413	9.397	21.68	59.75	268.8	0.0797	0.0605	0.0374	0.0051	0.1274
414	14.99	22.11	97.53	693.7	0.0852	0.1025	0.0686	0.0388	0.1944
415	15.13	29.81	96.71	719.5	0.0832	0.0461	0.0469	0.0274	0.1852
416	11.89	21.17	76.39	433.8	0.0977	0.0812	0.0256	0.0218	0.2019
417	9.405	21.7	59.6	271.2	0.1044	0.0616	0.0205	0.0126	0.2025
418	15.5	21.08	102.9	803.1	0.112	0.1571	0.1522	0.0848	0.2085
419	12.7	12.17	80.88	495	0.0879	0.0579	0.0236	0.024	0.1583
420	11.16	21.41	70.95	380.3	0.1018	0.0598	0.009	0.0108	0.1615
421	11.57	19.04	74.2	409.7	0.0855	0.0772	0.0549	0.0143	0.2031
422	14.69	13.98	98.22	656.1	0.1031	0.1836	0.145	0.063	0.2086
423	11.61	16.02	75.46	408.2	0.1088	0.1168	0.071	0.045	0.1886
424	13.66	19.13	89.46	575.3	0.0906	0.1147	0.0966	0.0481	0.1848
425	9.742	19.12	61.93	289.7	0.1075	0.0833	0.0089	0.0197	0.2538
426	10.03	21.28	63.19	307.3	0.0812	0.0391	0.0025	0.0052	0.163
427	10.48	14.98	67.49	333.6	0.0982	0.1013	0.0634	0.0222	0.1925
428	10.8	21.98	68.79	359.9	0.088	0.0574	0.0361	0.014	0.2016
429	11.13	16.62	70.47	381.1	0.0815	0.0383	0.0137	0.0137	0.1511
430	12.72	17.67	80.98	501.3	0.079	0.0452	0.014	0.0184	0.1459
431	14.9	22.53	102.1	685	0.0995	0.2225	0.2733	0.0971	0.2041
432	12.4	17.68	81.47	467.8	0.1054	0.1316	0.0774	0.028	0.1811
433	20.18	19.54	133.8	1250	0.1133	0.1489	0.2133	0.1259	0.1724
434	18.82	21.97	123.7	1110	0.1018	0.1389	0.1594	0.0874	0.1943
435	14.86	16.94	94.89	673.7	0.0892	0.0707	0.0335	0.0288	0.1573
436	13.98	19.62	91.12	599.5	0.106	0.1133	0.1126	0.0646	0.1669
437	12.87	19.54	82.67	509.2	0.0914	0.0788	0.018	0.0209	0.1861
438	14.04	15.98	89.78	611.2	0.0846	0.059	0.0353	0.0294	0.1714
439	13.85	19.6	88.68	592.6	0.0868	0.0633	0.0134	0.0229	0.1555
440	14.02	15.66	89.59	606.5	0.0797	0.0558	0.0209	0.0265	0.1589
441	10.97	17.2	71.73	371.5	0.0892	0.1113	0.0946	0.0361	0.1489
442	17.27	25.42	112.4	928.8	0.0833	0.1109	0.1204	0.0574	0.1467
443	13.78	15.79	88.37	585.9	0.0882	0.0672	0.0106	0.0099	0.1405
444	10.57	18.32	66.82	340.9	0.0814	0.0446	0.0199	0.0111	0.2372
445	18.03	16.85	117.5	990	0.0895	0.1232	0.109	0.0625	0.172
446	11.99	24.89	77.61	441.3	0.103	0.0922	0.0544	0.0427	0.182
447	17.75	28.03	117.3	981.6	0.1	0.1314	0.1698	0.0829	0.1713
448	14.8	17.66	95.88	674.8	0.0918	0.0889	0.0407	0.0226	0.1893
449	14.53	19.34	94.25	659.7	0.0839	0.078	0.0882	0.0293	0.1473
450	21.1	20.52	138.1	1384	0.0968	0.1175	0.1572	0.1155	0.1554
451	11.87	21.54	76.83	432	0.0661	0.1064	0.0878	0.0239	0.1349
452	19.59	25	127.7	1191	0.1032	0.0987	0.1655	0.0906	0.1663
453	12	28.23	76.77	442.5	0.0844	0.0645	0.0406	0.0195	0.1615
454	14.53	13.98	93.86	644.2	0.1099	0.0924	0.069	0.065	0.165
455	12.62	17.15	80.62	492.9	0.0858	0.0543	0.0297	0.0227	0.1799
456	13.38	30.72	86.34	557.2	0.0925	0.0743	0.0282	0.0326	0.1375
457	11.63	29.29	74.87	415.1	0.0936	0.0857	0.0716	0.0202	0.1799
458	13.21	25.25	84.1	537.9	0.0879	0.0521	0.0277	0.0207	0.1619
459	13	25.13	82.61	520.2	0.0837	0.0507	0.0121	0.0176	0.1667
460	9.755	28.2	61.68	290.9	0.0798	0.0463	0.0154	0.0104	0.1621
461	17.08	27.15	111.2	930.9	0.099	0.111	0.1007	0.0643	0.1793
462	27.42	26.27	186.9	2501	0.1084	0.1988	0.3635	0.1689	0.2061
463	14.4	26.99	92.25	646.1	0.07	0.0522	0.0348	0.0174	0.1707
464	11.6	18.36	73.88	412.7	0.0851	0.0586	0.0337	0.0178	0.1516
465	13.17	18.22	84.28	537.3	0.0747	0.0599	0.0486	0.0287	0.1454
466	13.24	20.13	86.87	542.9	0.0828	0.1223	0.101	0.0283	0.1601
467	13.14	20.74	85.98	536.9	0.0868	0.1089	0.1085	0.0351	0.1562
468	9.668	18.1	61.06	286.3	0.0831	0.0543	0.0148	0.0058	0.168
469	17.6	23.33	119	980.5	0.0929	0.2004	0.2136	0.1002	0.1696
470	11.62	18.18	76.38	408.8	0.1175	0.1483	0.102	0.0556	0.1957
471	9.667	18.49	61.49	289.1	0.0895	0.0626	0.0295	0.0151	0.2238
472	12.04	28.14	76.85	449.9	0.0875	0.06	0.0237	0.0238	0.1854
473	14.92	14.93	96.45	686.9	0.081	0.0855	0.0554	0.0322	0.1687
474	12.27	29.97	77.42	465.4	0.077	0.034	0	0	0.1701
475	10.88	15.62	70.41	358.9	0.1007	0.1069	0.0512	0.0157	0.1861
476	12.83	15.73	82.89	506.9	0.0904	0.0827	0.0584	0.0308	0.1705
477	14.2	20.53	92.41	618.4	0.0893	0.1108	0.0506	0.0306	0.1506
478	13.9	16.62	88.97	599.4	0.0683	0.0532	0.0222	0.0134	0.1813
479	11.49	14.59	73.99	404.9	0.1046	0.0823	0.0531	0.0197	0.1779
480	16.25	19.51	109.8	815.8	0.1026	0.1893	0.2236	0.0919	0.2151
481	12.16	18.03	78.29	455.3	0.0909	0.0784	0.0292	0.0153	0.1464
482	13.9	19.24	88.73	602.9	0.0799	0.0533	0.03	0.0207	0.1579
483	13.47	14.06	87.32	546.3	0.1071	0.1155	0.0579	0.0527	0.1779
484	13.7	17.64	87.76	571.1	0.0995	0.0796	0.0455	0.0316	0.1732
485	15.73	11.28	102.8	747.2	0.1043	0.1299	0.1191	0.0621	0.1784
486	12.45	16.41	82.85	476.7	0.0951	0.1511	0.1544	0.0485	0.2082
487	14.64	16.85	94.21	666	0.0864	0.067	0.0519	0.0279	0.1409
488	19.44	18.82	128.1	1167	0.1089	0.1448	0.2256	0.1194	0.1823
489	11.68	16.17	75.49	420.5	0.1128	0.0926	0.0428	0.0313	0.1853
490	16.69	20.2	107.1	857.6	0.075	0.0711	0.0365	0.0231	0.1846
491	12.25	22.44	78.18	466.5	0.0819	0.052	0.0171	0.0126	0.1544
492	17.85	13.23	114.6	992.1	0.0784	0.0622	0.0445	0.0418	0.122
493	18.01	20.56	118.4	1007	0.1001	0.1289	0.117	0.0776	0.2116
494	12.46	12.83	78.83	477.3	0.0737	0.0404	0.0072	0.0115	0.1613
495	13.16	20.54	84.06	538.7	0.0734	0.0528	0.018	0.0126	0.1713
496	14.87	20.21	96.12	680.9	0.0959	0.0835	0.0682	0.0495	0.1487
497	12.65	18.17	82.69	485.6	0.1076	0.1334	0.0802	0.0507	0.1641
498	12.47	17.31	80.45	480.1	0.0893	0.0763	0.0361	0.0237	0.1526
499	18.49	17.52	121.3	1068	0.1012	0.1317	0.1491	0.0918	0.1832
500	20.59	21.24	137.8	1320	0.1085	0.1644	0.2188	0.1121	0.1848
501	15.04	16.74	98.73	689.4	0.0988	0.1364	0.0772	0.0614	0.1668
502	13.82	24.49	92.33	595.9	0.1162	0.1681	0.1357	0.0676	0.2275
503	12.54	16.32	81.25	476.3	0.1158	0.1085	0.0593	0.0328	0.1943
504	23.09	19.83	152.1	1682	0.0934	0.1275	0.1676	0.1003	0.1505
505	9.268	12.87	61.49	248.7	0.1634	0.2239	0.0973	0.0525	0.2378
506	9.676	13.14	64.12	272.5	0.1255	0.2204	0.1188	0.0704	0.2057
507	12.22	20.04	79.47	453.1	0.1096	0.1152	0.0818	0.0217	0.2124
508	11.06	17.12	71.25	366.5	0.1194	0.1071	0.0406	0.0427	0.1954
509	16.3	15.7	104.7	819.8	0.0943	0.0671	0.0553	0.0456	0.1711
510	15.46	23.95	103.8	731.3	0.1183	0.187	0.203	0.0852	0.1807
511	11.74	14.69	76.31	426	0.081	0.0966	0.0673	0.0264	0.1499
512	14.81	14.7	94.66	680.7	0.0847	0.0502	0.0342	0.0254	0.1659
513	13.4	20.52	88.64	556.7	0.1106	0.1469	0.1445	0.0817	0.2116
514	14.58	13.66	94.29	658.8	0.0983	0.0892	0.0822	0.0435	0.1739
515	15.05	19.07	97.26	701.9	0.0922	0.086	0.0749	0.0434	0.1561
516	11.34	18.61	72.76	391.2	0.1049	0.085	0.043	0.0259	0.1927
517	18.31	20.58	120.8	1052	0.1068	0.1248	0.1569	0.0945	0.186
518	19.89	20.26	130.5	1214	0.1037	0.131	0.1411	0.0943	0.1802
519	12.88	18.22	84.45	493.1	0.1218	0.1661	0.0483	0.053	0.1709
520	12.75	16.7	82.51	493.8	0.1125	0.1117	0.0388	0.03	0.212
521	9.295	13.9	59.96	257.8	0.1371	0.1225	0.0333	0.0242	0.2197
522	24.63	21.6	165.5	1841	0.103	0.2106	0.231	0.1471	0.1991
523	11.26	19.83	71.3	388.1	0.0851	0.0441	0.0051	0.0057	0.1637
524	13.71	18.68	88.73	571	0.0992	0.107	0.0539	0.0378	0.1714
525	9.847	15.68	63	293.2	0.0949	0.0842	0.0233	0.0242	0.1387
526	8.571	13.1	54.53	221.3	0.1036	0.0763	0.0257	0.0151	0.1678
527	13.46	18.75	87.44	551.1	0.1075	0.1138	0.042	0.0315	0.1723
528	12.34	12.27	78.94	468.5	0.09	0.0631	0.0296	0.0265	0.1689
529	13.94	13.17	90.31	594.2	0.1248	0.0976	0.101	0.0662	0.1976
530	12.07	13.44	77.83	445.2	0.11	0.0901	0.0378	0.028	0.1657
531	11.75	17.56	75.89	422.9	0.1073	0.0971	0.0528	0.0444	0.1598
532	11.67	20.02	75.21	416.2	0.1016	0.0945	0.042	0.0216	0.1859
533	13.68	16.33	87.76	575.5	0.0928	0.0726	0.0175	0.0188	0.1631
534	20.47	20.67	134.7	1299	0.0916	0.1313	0.1523	0.1015	0.2166
535	10.96	17.62	70.79	365.6	0.0969	0.0975	0.0526	0.0279	0.1619
536	20.55	20.86	137.8	1308	0.1046	0.1739	0.2085	0.1322	0.2127
537	14.27	22.55	93.77	629.8	0.1038	0.1154	0.1463	0.0614	0.1926
538	11.69	24.44	76.37	406.4	0.1236	0.1552	0.0452	0.0453	0.2131
539	7.729	25.49	47.98	178.8	0.081	0.0488	0	0	0.187
540	7.691	25.44	48.34	170.4	0.0867	0.1199	0.0925	0.0136	0.2037
541	11.54	14.44	74.65	402.9	0.0998	0.112	0.0674	0.0259	0.1818
542	14.47	24.99	95.81	656.4	0.0884	0.123	0.1009	0.0389	0.1872
543	14.74	25.42	94.7	668.6	0.0828	0.0721	0.0411	0.0303	0.184
544	13.21	28.06	84.88	538.4	0.0867	0.0688	0.0299	0.0328	0.1628
545	13.87	20.7	89.77	584.8	0.0958	0.1018	0.0369	0.0237	0.162
546	13.62	23.23	87.19	573.2	0.0925	0.0675	0.0297	0.0244	0.1664
547	10.32	16.35	65.31	324.9	0.0943	0.0499	0.0101	0.0055	0.1885
548	10.26	16.58	65.85	320.8	0.0888	0.0807	0.0436	0.0244	0.1669
549	9.683	19.34	61.05	285.7	0.0849	0.0503	0.0234	0.0096	0.158
550	10.82	24.21	68.89	361.6	0.0819	0.066	0.0155	0.0082	0.1976
551	10.86	21.48	68.51	360.5	0.0743	0.0423	0	0	0.1661
552	11.13	22.44	71.49	378.4	0.0957	0.0819	0.0482	0.0226	0.203
553	12.77	29.43	81.35	507.9	0.0828	0.0423	0.02	0.015	0.1539
554	9.333	21.94	59.01	264	0.0924	0.0561	0.04	0.0128	0.1692
555	12.88	28.92	82.5	514.3	0.0812	0.0582	0.062	0.0234	0.1566
556	10.29	27.61	65.67	321.4	0.0903	0.0766	0.06	0.0274	0.1593
557	10.16	19.59	64.73	311.7	0.1003	0.075	0.005	0.0112	0.1791
558	9.423	27.88	59.26	271.3	0.0812	0.0497	0	0	0.1742
559	14.59	22.68	96.39	657.1	0.0847	0.133	0.1029	0.0374	0.1454
560	11.51	23.93	74.52	403.5	0.0926	0.1021	0.1112	0.0411	0.1388
561	14.05	27.15	91.38	600.4	0.0993	0.1126	0.0446	0.043	0.1537
562	11.2	29.37	70.67	386	0.0745	0.0356	0	0	0.106
563	15.22	30.62	103.4	716.9	0.1048	0.2087	0.255	0.0943	0.2128
564	20.92	25.09	143	1347	0.1099	0.2236	0.3174	0.1474	0.2149
565	21.56	22.39	142	1479	0.111	0.1159	0.2439	0.1389	0.1726
566	20.13	28.25	131.2	1261	0.0978	0.1034	0.144	0.0979	0.1752
567	16.6	28.08	108.3	858.1	0.0846	0.1023	0.0925	0.053	0.159
568	20.6	29.33	140.1	1265	0.1178	0.277	0.3514	0.152	0.2397
569	7.76	24.54	47.92	181	0.0526	0.0436	0	0	0.1587
